age,last_donation_hours,urgency,latitude,longitude,blood_type,label
50,30,2,20.248070440361367,85.74114380002597,AB+,0
22,6363,5,20.214108496667546,85.81146133734676,AB+,1
25,7979,3,20.349603353452046,85.84627794780279,A-,1
47,6140,5,20.236396526123208,85.73209968974422,B+,1
25,3872,3,20.293022897709214,85.8896300559719,O-,1
21,5813,1,20.21797226462208,85.86705811726478,A+,1
41,4375,3,20.232227662153857,85.73516087328159,B+,1
46,5844,2,20.25290259574572,85.77781324392792,B+,1
42,6671,4,20.26589435369751,85.78628592914048,O+,1
19,4773,3,20.323218237195206,85.79721653076513,AB+,1
46,7156,4,20.363787487634774,85.819133032955,A-,1
37,7522,4,20.32454739973038,85.8798922598993,O-,1
56,8580,5,20.36036796755742,85.88279977101706,A+,0
54,604,5,20.33274899176113,85.74184325993026,AB+,1
53,3577,4,20.31052332460614,85.8255454893351,O-,1
26,5763,5,20.221818922180983,85.81811887819927,B+,1
54,4369,2,20.206814453539632,85.73955073541521,A+,1
43,703,3,20.239960752947997,85.76494868234059,B-,0
22,6638,1,20.29620325095001,85.77086723418455,AB+,1
31,4268,1,20.296455061231693,85.75990231149305,O-,1
50,4257,5,20.300151606466017,85.80744507010468,A+,1
20,8273,5,20.327410451890195,85.88701150302008,O+,1
56,5518,3,20.28777447873471,85.80964928632703,O+,1
35,2689,5,20.359287009915274,85.79247806054546,AB+,1
47,1604,2,20.30462922196186,85.75433041572799,AB-,0
36,1249,3,20.289411316218278,85.86585687246861,AB-,0
35,4981,5,20.37401430558208,85.80688261685114,AB+,1
53,8263,5,20.262652525421142,85.70280727611583,A+,1
33,1328,5,20.293597460800815,85.88329903032582,AB-,0
51,7223,1,20.214335335021374,85.8417391734405,A+,1
45,709,4,20.34451712038364,85.84683852382031,O-,0
47,7195,1,20.291296452422174,85.76018107651127,O-,1
20,6316,4,20.32408891546584,85.85987958984201,B-,1
33,2655,5,20.230232428783257,85.85446813608799,AB+,1
59,3521,2,20.27561347870619,85.81558037446139,O+,1
55,3045,2,20.209670721879636,85.70263703356451,A-,1
25,7069,1,20.288270888342552,85.72840111222807,B+,1
60,6459,4,20.300284386012432,85.782051315506,O-,0
43,8673,2,20.24943657269919,85.75877915234148,O-,1
59,6883,5,20.395403011996418,85.76958280135548,O+,1
37,3124,3,20.2840007416677,85.8559989028156,AB-,1
39,8642,2,20.34195857080125,85.79773873008112,B+,1
44,2572,5,20.277267226917136,85.80955110059354,B-,1
18,562,5,20.31690737518835,85.80081973195567,O-,1
34,8316,5,20.215299230300417,85.85006676701354,A-,1
27,5931,2,20.247477243342967,85.84716028613836,B+,1
20,6025,2,20.227056335317197,85.78449509596837,AB-,1
31,6834,1,20.2140438665912,85.74633509504002,O-,1
37,703,3,20.22073534463151,85.76099173712674,O-,0
50,1891,2,20.235597203996985,85.74121049273545,AB-,0
25,8693,5,20.264318159591078,85.87712883212772,B-,1
58,5244,4,20.209377370511497,85.75157206730672,AB-,1
59,3685,4,20.265896576038532,85.8010461357754,B+,0
21,5998,3,20.367783099005166,85.89334162544002,AB+,1
59,5785,5,20.387017249002874,85.86889615697642,A+,1
50,7521,1,20.244430193218157,85.84034196481528,O-,1
31,4395,4,20.320701549786104,85.84581191923552,B-,1
48,2347,3,20.265300888588865,85.8535661905709,O-,1
24,1339,4,20.367475464983418,85.79778582209696,O+,0
47,1114,5,20.31011255626608,85.76762849655555,AB-,0
59,6967,2,20.2641919093009,85.74809853182603,A+,0
42,841,3,20.23477601262656,85.72867830029344,B-,0
33,1254,5,20.217914433769135,85.83986402342506,A-,1
28,4223,4,20.266635472072544,85.70917466131093,B-,1
30,8441,4,20.211867788504915,85.75281220420872,AB-,1
47,3570,3,20.367685922520337,85.87790475597654,O+,1
34,6587,1,20.39199243734769,85.8706555450199,A-,1
29,8471,3,20.380674456747858,85.77569499548213,B-,1
31,1301,2,20.374998515564418,85.745857138586,B+,1
55,7285,5,20.319972155619652,85.73759394132401,O-,1
40,2383,2,20.237807031325705,85.7806411628038,B+,1
32,3805,3,20.283129121376803,85.87947645505506,A+,1
38,8642,1,20.360201801393448,85.7792096935865,O-,1
28,1919,2,20.3465153684535,85.78115082302041,A-,0
48,6352,5,20.33947376124942,85.77301753171126,O-,1
34,2939,5,20.26083079708343,85.73507485497974,O-,1
59,8519,1,20.20419778284221,85.84779040539496,A+,0
37,1174,5,20.22285295679666,85.82784485498492,AB+,1
24,639,5,20.388098148561873,85.88901529884112,A-,0
58,8038,2,20.328468347402374,85.71478466514971,AB+,1
55,5791,3,20.22621533251879,85.83733290063338,AB-,1
47,1807,1,20.232276460766414,85.70692664297091,A+,0
41,6910,3,20.3647378470095,85.77865977187328,A+,1
30,2254,5,20.319883265486695,85.80581353029488,B-,1
21,2226,3,20.283566395872366,85.78088500389335,AB-,1
41,776,1,20.240317523758534,85.71312948961493,A+,0
45,5266,3,20.21868314622206,85.85079166583198,AB-,1
58,143,4,20.326945660892356,85.87809174949632,A+,0
48,1463,2,20.360767492553375,85.74659351051938,A+,0
55,2406,3,20.2760319662599,85.82310794128027,A+,1
31,4946,4,20.354332760231266,85.77372211732924,A-,1
49,7944,2,20.223335442567326,85.774932116966,B+,1
40,2593,2,20.310477661452946,85.75231241381816,B+,1
23,4669,4,20.28135609896605,85.76881331695844,A-,1
58,4038,3,20.284571803948367,85.89102225810956,O+,0
51,7052,2,20.329967656482747,85.78975532894663,A-,1
19,5842,2,20.21641676022491,85.83477990502023,AB-,1
47,535,3,20.235587505390253,85.85001346721961,A-,1
57,3087,3,20.24650905464,85.74348837324128,AB+,1
43,7772,3,20.311367767646356,85.88982866043293,B+,1
31,1129,2,20.382438699504895,85.7103911660115,B+,0
21,1471,1,20.392545508110942,85.72564154491317,B+,1
51,1331,1,20.357954138279048,85.78898856914603,B+,0
59,6855,3,20.30226899561959,85.80697080091522,B-,0
31,4775,4,20.379255271881185,85.8479520839794,A-,1
32,1487,3,20.38456736059957,85.83046603513934,B-,1
36,3838,2,20.211339057876796,85.74666922787871,AB-,1
32,6209,4,20.396177689644286,85.83300856563588,AB-,1
58,943,4,20.30523672546291,85.83896795576528,AB-,0
51,8570,1,20.38548723661216,85.80019367944263,AB+,1
38,45,2,20.34833218249214,85.77867458869294,O+,0
37,6403,1,20.22737472835675,85.7342499302038,O+,1
57,3296,2,20.36486370314781,85.7832723365799,AB+,0
24,5161,2,20.3276139603061,85.74966905201843,A-,1
32,2021,2,20.262892641082583,85.83990484455353,B+,0
24,4515,2,20.224007338248743,85.85939778348423,A+,1
24,283,3,20.339271248438966,85.8231550116741,AB-,0
59,3642,4,20.21598970976197,85.85786480094315,B-,0
41,6265,3,20.380391937250867,85.86346566551298,O-,1
58,5690,3,20.301761045036294,85.8472271914328,B+,0
32,5563,1,20.302727293671822,85.79741141416606,B+,1
29,4302,5,20.20153825654475,85.89694942740823,B+,1
39,2606,2,20.298544112426317,85.72105664819367,O+,1
28,1001,4,20.37954999591756,85.72268358969475,A+,0
34,5659,2,20.212822027944487,85.703096228955,A+,1
19,3484,3,20.24011923535725,85.81926633464246,B-,1
19,5427,4,20.213113590246653,85.82549363353556,B-,1
56,4509,4,20.251965580308696,85.85120127621953,B+,0
26,8687,4,20.389446693184517,85.70686611615872,B-,1
50,1303,5,20.38915477081826,85.79818197761381,O-,0
33,3415,2,20.26264239968013,85.88013079781818,A-,1
49,3615,3,20.217196277509046,85.87750888023545,AB+,1
40,4187,3,20.30450211839809,85.81892272380102,B-,1
52,890,5,20.30582711155093,85.82391171984852,O+,0
56,486,2,20.30964224583487,85.87612428200042,O+,0
52,4446,5,20.39396239381554,85.87399262971697,B+,1
52,5285,3,20.28227377543438,85.8488965114365,AB+,1
21,1803,3,20.25775042935393,85.71011735629556,A+,1
50,4265,3,20.237600287530285,85.8771275924405,A+,1
29,2289,1,20.30332852533249,85.78865695198132,B-,1
42,2762,2,20.25811427310085,85.8851275002576,AB+,1
20,6912,5,20.256117625455513,85.83489299591459,O+,1
45,8323,3,20.217065868814355,85.87699437192342,B-,1
25,8475,2,20.200392153953263,85.8956016126556,A-,1
54,4929,3,20.248099481519166,85.7818220761471,AB+,1
56,8025,3,20.34588428174959,85.85144564022194,AB+,0
21,7861,4,20.3980133014664,85.89497508452861,A+,1
26,5701,2,20.27021146756259,85.80440948934154,A+,1
35,8685,1,20.35136782684955,85.74425015116462,AB+,1
45,6469,4,20.271953692945523,85.82424135448031,AB-,1
30,913,3,20.298636483646693,85.7468989138936,B-,0
47,5780,1,20.233146762637663,85.75979055663946,A+,1
50,5127,1,20.24370707658185,85.76660184799698,AB-,1
19,2093,5,20.380095364394226,85.71309866580613,O-,1
33,4876,1,20.30190600179705,85.87613361506693,B+,1
45,8350,2,20.368983733547577,85.78489355750335,A+,1
56,172,1,20.30119231031274,85.705589215585,O+,0
48,6409,5,20.296011678897084,85.76629788554773,B-,1
22,4029,5,20.25789806703401,85.74728098674692,O+,1
41,869,3,20.206896390169344,85.88624721480411,A-,1
32,2837,1,20.231385017756526,85.7273010517789,O+,1
45,5289,4,20.310601983143282,85.70587131821804,A+,1
18,6157,5,20.2276991501131,85.72180747834177,B-,1
34,7383,2,20.297681995907627,85.76267718138516,O+,1
26,7727,4,20.337421084014572,85.71034666146836,O-,1
32,7611,5,20.30016517615471,85.71816788378734,O+,1
58,3791,4,20.276891221633697,85.82441565740731,O+,0
32,8156,1,20.24902374584026,85.72605773814588,AB-,1
32,2404,2,20.266211795498663,85.77321745153195,AB-,1
42,3796,4,20.247845799053625,85.72507338615355,AB-,1
59,6403,5,20.29292913406711,85.86505847008767,AB+,1
53,681,3,20.35385453869855,85.77784088991288,AB+,0
22,3075,5,20.235262708101747,85.70296950293262,O-,1
42,5879,5,20.32841395762469,85.72767209131548,B+,1
48,4517,4,20.280514433778585,85.80946825272295,O+,1
51,1416,3,20.20232871849942,85.79808316278178,A+,0
28,3876,1,20.2460656717593,85.75792243262237,AB+,1
44,5555,3,20.3812833843879,85.72031111166366,AB+,1
37,7231,3,20.239768591847994,85.73213334472713,A-,1
27,3587,1,20.222508590225,85.72943631901039,AB+,1
50,1310,5,20.359934934770408,85.74172871026371,B+,1
44,8472,2,20.28772700517878,85.73828083815687,AB-,1
19,5417,5,20.235168066327905,85.85229469639543,B-,1
37,7719,3,20.343553637944545,85.78079414931942,B+,1
58,3546,3,20.318409633595333,85.8867744555867,B+,0
45,4424,5,20.350335230957775,85.73514049884209,AB+,1
40,44,4,20.263066526849613,85.7621971746407,AB-,0
38,8454,1,20.329095530060137,85.8744099731785,A-,1
58,3617,3,20.210445457212533,85.81316562566967,AB+,0
42,1275,2,20.338582049216708,85.84389076122004,B-,0
50,4860,5,20.252031611651603,85.81591389620208,AB-,1
56,6989,2,20.233482885949645,85.83489432181554,B-,0
19,6372,2,20.308635412017175,85.87042926987779,AB+,1
40,1155,3,20.37964985030808,85.76357916038788,O-,0
57,7983,4,20.335813475040375,85.77272616147435,A+,0
24,5524,2,20.346663340419493,85.85490949690038,O-,1
43,5018,3,20.38161619196728,85.73462397629882,AB-,1
48,2769,1,20.217006367806732,85.8219197920443,AB-,1
50,3375,5,20.35691434206194,85.80182675893009,B+,1
54,8153,3,20.288386949273725,85.78310216808892,A+,1
57,3813,1,20.249351425637204,85.88269785999864,O+,0
25,7203,4,20.321545354624064,85.80416991840305,AB-,1
58,1444,2,20.343804861675668,85.74149757576637,O+,0
44,5708,4,20.265608962683405,85.70172481397348,AB-,1
26,1767,4,20.329459360234253,85.80565869970945,B-,1
60,8006,5,20.340088893622333,85.83578199114757,AB+,0
35,8391,5,20.23277113795615,85.76880535439518,B-,1
33,5347,5,20.370090635983825,85.7227601626224,AB+,1
21,4534,1,20.268474309885622,85.81562788483872,AB+,1
43,6122,4,20.31584094696583,85.88566454206752,A+,1
55,446,4,20.332162620890426,85.73512918179875,B+,0
42,5313,2,20.3475507224138,85.83099904004212,O+,1
55,7714,5,20.231027745823994,85.7674001334546,A+,1
48,7767,1,20.36396909075208,85.89799388036566,O-,1
43,8726,2,20.20015693423641,85.77056524238994,B-,1
24,5033,5,20.231913777934697,85.89978316651137,B-,1
49,2323,3,20.38493742955683,85.7149283717804,A+,1
53,6632,4,20.228904851348606,85.78732546477907,B-,1
34,3080,5,20.378542384223294,85.75355708134693,B+,1
46,2710,5,20.2957030342298,85.72995245023455,B+,1
53,1129,1,20.246541953643124,85.77604688830264,AB-,0
49,4244,1,20.227720510082335,85.76276475762809,A+,1
30,2338,1,20.354854296672517,85.8934946213332,AB+,1
27,8379,3,20.274004311804394,85.74667663150876,B+,1
38,7307,1,20.32629204432188,85.79680315635899,AB-,1
57,5200,3,20.369632388016736,85.80897491734376,O-,1
50,5560,2,20.3995244689442,85.80476752108493,O+,1
38,6566,2,20.387717544921436,85.82714117116839,AB-,1
52,891,2,20.228661975598822,85.7421285210537,AB-,1
55,4132,4,20.299723384378442,85.82789255244353,AB+,1
45,7950,4,20.307073969820266,85.81814355221275,A-,1
26,6988,5,20.31190230976059,85.83807541305634,A+,1
41,8299,5,20.347651906098452,85.8413771312082,A+,1
58,8712,5,20.328326699659158,85.87463090602044,AB+,0
24,1883,2,20.28917818556698,85.8395126069795,A+,0
19,1266,3,20.226233989365966,85.81384905977652,O-,0
54,945,1,20.399475464497126,85.8459120354626,O+,0
33,251,5,20.209974630760218,85.84156604997406,A-,0
37,7386,3,20.227956715030505,85.86033690318908,B-,1
50,7097,5,20.23943625657923,85.71347388774278,O+,1
56,2180,4,20.255083400038075,85.85796788168868,B+,1
53,1138,1,20.28564677977004,85.87582002361961,B-,0
23,6375,4,20.341655348523414,85.71456842197257,A+,1
36,3264,1,20.363954231913553,85.7792090216978,A+,1
60,2644,2,20.36454032658693,85.827605989379,B-,0
57,3492,1,20.20560873906811,85.80232132771535,B+,0
43,1001,4,20.382577064926775,85.7404221181731,B-,0
29,5603,4,20.301839991207448,85.83526969621626,B-,1
53,4911,5,20.381556227056183,85.74354819047194,O+,1
54,4692,5,20.32694435272605,85.75751361337548,B-,1
32,5964,2,20.27802441696075,85.87586120498148,A-,1
40,316,5,20.32555573078699,85.88924660753702,A-,0
44,4490,3,20.33305965074752,85.740347914183,O-,1
35,3434,2,20.217608015441115,85.82967599107008,A-,1
38,8531,4,20.22038390160974,85.74211186059989,B-,1
53,3342,5,20.396811151833525,85.89537052044483,O-,1
46,4125,1,20.36126084434277,85.81592582716445,A+,1
54,6820,3,20.228700668278755,85.7433836700444,A+,1
40,3328,4,20.338230206726,85.7600029624551,O+,1
24,12,2,20.203574379616168,85.8684100920427,A+,0
19,6346,5,20.3414820592997,85.76588859393411,AB+,1
44,7257,2,20.289410839090216,85.72582401508323,AB-,1
49,7564,5,20.23122346157851,85.87372071399605,O+,1
26,5900,1,20.318348615489175,85.75852912890036,AB-,1
24,54,5,20.386134344895975,85.8292919977557,O-,0
37,3111,2,20.250188640134244,85.706882519384,A-,1
46,8059,3,20.256639890828772,85.76279893367268,A+,1
34,3285,1,20.227769465715912,85.81203598188175,AB+,1
21,311,1,20.291352615777644,85.78067114445578,O-,0
43,4157,5,20.25552790808762,85.85581719635067,O-,1
46,2923,2,20.23658970800496,85.82387875619428,O-,1
36,4202,1,20.270833664937722,85.81375367530848,A-,1
30,6334,1,20.242710983691158,85.73502346387042,B-,1
48,3129,3,20.353324050058912,85.84339350557221,AB-,1
24,1546,2,20.204372438249802,85.8396999051418,AB+,1
60,5322,3,20.345572185756378,85.71509482579525,AB-,0
33,8741,2,20.26504605521803,85.8728293994465,B-,1
45,2058,5,20.31610605065332,85.87890540006536,AB+,1
45,6084,2,20.28235556411835,85.8476366428681,AB-,1
28,1625,2,20.371304976465574,85.75869758510734,AB+,0
37,5487,5,20.282403907652338,85.77010015923828,O-,1
40,1153,2,20.260504078073446,85.7858575775519,B-,0
59,8519,4,20.356530139395858,85.8101474204946,A+,1
31,3492,3,20.29856189520204,85.73239828719706,O-,1
33,4155,3,20.25070961260994,85.714751360486,O-,1
21,5350,3,20.345504736754673,85.76163619247637,A-,1
19,3013,4,20.200250635416765,85.79407315262817,O-,1
38,1048,5,20.213360456932016,85.79941366007797,O+,0
19,8271,5,20.228222400465867,85.74903252006143,O+,1
59,3597,2,20.31749253519246,85.72713516317029,B-,1
52,644,2,20.306476940898534,85.73331890116053,O+,0
36,691,2,20.382844520592478,85.84846093911416,A+,0
39,1397,3,20.35781852545654,85.814660100429,B+,0
41,8205,5,20.265004383672277,85.88392909715769,A+,1
43,3437,5,20.30093337024833,85.77752483362815,B+,1
26,1252,2,20.243968311634013,85.87854004726475,AB-,0
56,3174,4,20.23543801588224,85.80514129138803,B+,1
46,3836,5,20.35390978248137,85.79246363618384,A+,1
36,5330,3,20.300091207096287,85.79596588395881,A+,1
32,2366,2,20.288604908155445,85.83123526227308,B+,1
46,6189,3,20.397850998190993,85.85003373142281,B-,1
34,1260,3,20.299702193501556,85.79806998496574,O+,0
28,305,3,20.264628465112143,85.7122283376623,AB+,0
35,3512,5,20.336755989553865,85.87114826275037,AB-,1
41,5521,5,20.21448215583037,85.77941658918375,B-,1
35,8139,5,20.3353653353075,85.75397309137838,AB+,1
39,6860,3,20.21605629595428,85.78230893256931,B-,1
49,4197,1,20.277949023004556,85.8180660372369,O-,1
30,4963,3,20.24011486302149,85.7078800243037,B-,1
56,5634,2,20.318334196433455,85.85484337140676,B-,0
29,2084,4,20.210479118640418,85.89414838575584,A-,1
19,4337,2,20.261965124373486,85.81254425458502,AB-,1
20,586,2,20.39962406398138,85.782686777043,B+,1
45,4472,1,20.35845761677337,85.81736332660962,B+,1
52,6855,1,20.335020867695633,85.87843689115012,AB+,1
36,7748,1,20.269919447733848,85.78035694668903,AB+,1
55,6340,1,20.3265097132647,85.73441921989175,A+,1
30,6408,1,20.348888066774613,85.70898702991924,O+,1
53,7415,1,20.22231383636062,85.81600967762822,AB-,1
46,2408,4,20.31586669053368,85.79584021334897,O+,1
31,4271,3,20.315085793550143,85.78363462884663,O-,1
47,4584,4,20.225644626207984,85.71076629313743,AB+,1
26,4922,4,20.253428052385498,85.74835741142662,AB+,1
20,3262,2,20.346853896337876,85.75229778662616,AB+,1
60,1157,4,20.28443061790739,85.8115171234515,O-,0
51,6311,2,20.333114863979194,85.88290421547197,AB-,1
38,4956,3,20.375925433998226,85.78353877256261,AB+,1
26,2982,3,20.224541108460812,85.765443754821,A+,1
41,4864,1,20.20334443943951,85.86219439618573,O+,1
30,411,1,20.250728620542237,85.82202682164026,B+,0
60,8648,2,20.325954886484627,85.7668092266917,A+,0
36,2220,1,20.31559718979292,85.86020807835129,B+,1
22,3863,5,20.39975789675804,85.78751177655546,B-,1
26,6236,4,20.39221300479366,85.73849329121357,AB+,1
47,5270,3,20.27327471436077,85.73300351367787,A-,1
40,2893,2,20.2358628071808,85.74288668065682,AB-,1
43,6081,2,20.341947810062127,85.73503231697683,B-,1
48,8759,4,20.38126814060021,85.75905598385077,O-,1
19,4752,4,20.28369004575439,85.8989213712563,A+,1
57,7213,2,20.322024158702934,85.84286859435524,A-,1
52,5799,3,20.318057549726653,85.8815723625429,AB+,1
37,5390,3,20.335196660338852,85.71757729781606,A+,1
58,6065,5,20.328922070165408,85.70397590044254,B+,1
35,3938,1,20.213830513390985,85.80910496721854,B+,1
55,7473,2,20.36474135595546,85.83596200640676,B-,1
22,2786,4,20.229925087119433,85.73705068676895,A-,1
52,8011,2,20.347023889378622,85.7774210284645,AB-,1
42,6588,4,20.3349912628073,85.84436552960396,AB-,1
27,7021,3,20.270533523037834,85.868190512749,A+,1
39,4713,2,20.393422783071966,85.88525833642673,B-,1
38,8255,3,20.396696968535856,85.71273295157421,AB-,1
43,2220,1,20.24803721616884,85.80308858755178,A+,1
56,2501,1,20.269124190130356,85.76158595714715,AB+,1
48,5389,4,20.287383912611084,85.809051588399,B+,1
53,5219,4,20.23166849246845,85.8177924476043,AB+,1
58,1677,2,20.286751352108677,85.76328222850167,AB+,0
19,3611,5,20.2744637525252,85.8469223734005,O+,1
36,7822,2,20.36451928118271,85.88814695790082,A+,1
23,4371,4,20.370135567102814,85.72138665562007,AB+,1
25,4659,2,20.234921892534707,85.82837558005271,B-,1
57,1006,3,20.22438052331225,85.75473567288344,AB+,0
41,5650,4,20.239339816821893,85.80693099482407,A+,1
22,2326,2,20.256145663561764,85.80650067287169,A-,1
33,1323,5,20.30048177858743,85.787180710182,O+,0
55,1995,2,20.218726755516375,85.85187812931383,O-,0
33,1726,3,20.208029385424265,85.72800524024454,A-,0
37,4956,5,20.332376736054506,85.75347445388894,O+,1
26,517,3,20.252784330139352,85.77980243267557,O+,0
26,3625,2,20.333039431320316,85.87941687336676,B-,1
57,4235,3,20.233777062066835,85.74373871110438,B-,0
36,425,3,20.22871940962309,85.75533041467239,AB-,0
30,8712,1,20.28504038147299,85.8358008543964,AB-,1
24,1502,5,20.276954548216224,85.89423422357088,AB+,0
29,5956,3,20.321374750895593,85.84802754410877,A+,1
59,7183,4,20.334734185508797,85.82674819086124,O+,0
37,7698,5,20.293716159580132,85.80242400637881,B+,1
36,8417,3,20.273921031420812,85.81215743127883,B-,1
36,4301,1,20.32946725428467,85.7689336692238,O-,1
49,8599,1,20.376747628435858,85.70367110720706,B+,1
56,4837,5,20.356621060434804,85.73248306033912,A-,0
54,7725,4,20.28456791193112,85.71175708856119,B-,1
18,7208,1,20.298767471549876,85.78327333846336,A+,1
37,7828,1,20.3735814167036,85.86241182370618,B-,1
39,1144,5,20.398844769393353,85.8112191663462,A+,0
21,3501,4,20.397831288201473,85.8514581782042,A+,1
53,1052,5,20.330165886085357,85.81196212055242,O+,1
40,5363,5,20.304713605096868,85.7827390277371,B+,1
27,5569,2,20.39944364383946,85.7082543789173,AB+,1
36,2727,2,20.208959065184573,85.74651233668851,A-,1
55,3540,3,20.302253521155293,85.8082978729134,AB+,1
30,5814,2,20.32942805257354,85.86044716209092,A-,1
50,5735,5,20.383914593186834,85.83995368549743,AB+,1
43,3241,3,20.33763817097191,85.73494854360976,A-,1
29,2119,1,20.35325791637755,85.73132723108755,A-,0
38,4089,2,20.21724377738758,85.77731195025281,B+,1
29,3854,5,20.25849055978423,85.72043263441452,AB+,1
35,3311,4,20.235624893392814,85.74419039147232,O+,1
51,6240,3,20.33747574379046,85.87439004218645,B+,1
59,3459,4,20.326307814322806,85.73953818827472,B+,0
59,6848,2,20.292370643361703,85.72563771113654,O+,0
54,425,1,20.242086490817087,85.8776508212151,O+,0
24,1087,3,20.2716317665209,85.72923064636333,AB+,1
53,1716,3,20.350377016584826,85.83946080312423,B-,0
52,2957,2,20.308424680426935,85.78465461365855,O+,1
32,2108,3,20.354175407380154,85.88770251313599,O-,0
24,4587,4,20.381843917891118,85.8193074638723,B+,1
30,1282,5,20.35398679908465,85.8676390864128,O-,0
27,846,1,20.350177353568323,85.82084541001349,AB-,0
60,6420,3,20.32742972208527,85.83850941200575,AB+,0
26,7426,4,20.33259057034949,85.82664335226283,O-,1
53,6013,1,20.3489941204047,85.87888220356638,A+,1
26,6918,4,20.29592994982188,85.77783535798292,A+,1
47,395,3,20.308346994624664,85.77899743432154,A-,0
31,7642,1,20.203408751877262,85.85591915483867,O+,1
21,5336,2,20.269503478309968,85.7245066995646,O-,1
20,6200,3,20.231570332443084,85.7988127446568,AB+,1
41,7852,4,20.350076809655846,85.7925444788507,O+,1
36,5915,5,20.351424597733622,85.7021861588148,O+,1
29,3493,5,20.341384566269976,85.81597136519011,A-,1
40,267,3,20.38728768242511,85.73214109875056,AB-,0
19,7842,2,20.297612892826514,85.72148381724774,O+,1
36,4936,3,20.211663342579804,85.80938422345845,A-,1
55,7257,4,20.31563941996202,85.70428428106294,O-,1
24,2343,2,20.231683727961272,85.8473967987091,B-,1
33,4936,4,20.377326284982008,85.81327626316028,A+,1
31,4813,1,20.27304994631984,85.78769640098879,B+,1
49,1640,4,20.30253228599368,85.8071698362757,A+,0
19,2864,3,20.39938490784388,85.88371320478984,AB+,1
21,2483,2,20.356598131901084,85.8776526105393,AB-,1
35,2816,1,20.369266516947825,85.88796110464189,A+,1
26,7673,3,20.309416609068826,85.74433395049398,A-,1
46,8309,1,20.290312749055037,85.7252252842858,B-,1
60,4453,2,20.37894590842055,85.85968650909822,B-,0
55,3525,5,20.22966019616057,85.75579774996179,AB+,1
42,6977,2,20.245915273351997,85.85710008043306,O+,1
33,7354,3,20.344403521746916,85.76815860013363,A-,1
28,5144,4,20.295890490446677,85.71984903890485,B-,1
39,420,3,20.356190148879083,85.76599570264703,AB-,1
51,2368,1,20.33973885061288,85.86131802063301,O+,1
37,6684,1,20.333108256870066,85.71286505349813,AB-,1
38,7422,1,20.28322629660608,85.72517194755527,A+,1
41,67,5,20.398971974719537,85.85734476473303,AB+,0
40,5448,1,20.28145236938815,85.88408667262955,O-,1
29,1571,1,20.34456519997855,85.8639891293442,O-,1
30,3947,1,20.322552161038423,85.72417725945532,A+,1
36,2749,2,20.321238469943836,85.85636546608472,A-,1
24,485,3,20.308116717341903,85.85894561121087,A-,0
41,210,2,20.260537280854685,85.80398213930957,AB-,0
57,5347,2,20.356022091626347,85.71229312699057,B+,0
55,837,4,20.32826025928273,85.76282208808708,AB-,0
29,3376,4,20.257493027362045,85.8568478801777,A-,1
54,3838,2,20.20339451404123,85.74904563647769,A-,1
43,6705,3,20.29737301986121,85.77970041599953,B+,1
53,4129,5,20.320865705348062,85.79878191305703,AB+,1
60,1636,5,20.317665847887593,85.72396166328913,O+,1
33,1888,3,20.22406898587986,85.85945630066286,A+,0
51,818,4,20.227566563683364,85.73555306580674,B+,1
53,6001,1,20.308317072594544,85.84562805266727,B+,1
44,6729,5,20.33920529160172,85.73255074132045,AB-,1
47,5823,4,20.384079976705703,85.81366201131159,AB+,1
36,241,4,20.39468370706689,85.73550837163911,O-,0
57,1317,5,20.24838008343195,85.78354278052913,A+,0
20,1607,3,20.359495920028586,85.72513382252482,AB-,0
53,8169,4,20.331994902146956,85.80560056838237,A-,1
51,1485,5,20.25467430177926,85.86126340763978,AB+,0
30,7227,1,20.378522181040676,85.71193924909903,A-,1
49,264,3,20.35316395030775,85.75412594047309,O+,1
52,4895,3,20.38327940929759,85.72500351382156,O+,1
55,1768,2,20.389074856051494,85.74372650642376,O+,1
31,7903,5,20.331264250728257,85.80585455417251,O+,1
58,8721,2,20.241715314429047,85.81061686814182,A-,0
33,628,1,20.386925096180743,85.79662322657306,AB+,0
36,5259,4,20.207819963766166,85.87394573665051,O-,1
44,3884,3,20.266096043472775,85.73137348574379,O+,1
22,1916,3,20.3638846931211,85.7412283892116,O+,1
30,2089,3,20.352178771124382,85.84387917342431,AB+,0
51,3488,4,20.39486573240877,85.89357388650383,A-,1
41,5281,5,20.36199730096447,85.71893852759908,A+,1
52,2534,4,20.222023927363924,85.76885922661256,O-,1
57,3842,4,20.393077243109914,85.71218689276434,AB-,1
21,1061,1,20.3742462193145,85.89819426517339,A+,1
40,4582,5,20.36343132056482,85.73188513571748,A-,1
42,2308,4,20.343020891561025,85.73414816448393,AB-,1
55,6854,3,20.374467702734773,85.85598465867253,AB-,1
21,6507,1,20.22415078894189,85.88254074796511,O+,1
60,1313,3,20.243646813619982,85.86241710476459,B-,0
49,2954,3,20.353790175599336,85.73943939281726,O+,1
51,5744,5,20.22791069817979,85.75822027123881,A-,1
27,6227,2,20.35139244529919,85.76965245820361,B-,1
37,92,2,20.232888827198224,85.83242293241837,A+,0
59,562,5,20.249875446143317,85.85087238570627,O-,0
59,7377,5,20.22129504214292,85.73727641472567,A+,1
30,8517,2,20.21848369763294,85.71535578910836,AB+,1
31,5400,1,20.36524017528026,85.89936680812666,AB+,1
35,6177,1,20.261514438326238,85.87552205823823,B-,1
34,6244,1,20.372867920820337,85.86309256971265,B-,1
29,5663,1,20.36925578802587,85.72940711454847,B-,1
31,3347,4,20.390587372507163,85.75922931424563,O+,1
58,8045,5,20.2924865340489,85.84803519549183,AB+,0
60,13,3,20.238532892694884,85.81797781234694,AB-,0
19,8584,3,20.316902846541723,85.8316884990872,AB+,1
18,6895,4,20.374261165085755,85.8506020634134,A+,1
26,2683,3,20.379232455517652,85.7814959912526,AB+,1
25,5404,2,20.231625129707414,85.70516744069033,O+,1
40,5548,1,20.326692688574877,85.80685067221476,O+,1
60,5884,3,20.26595405573459,85.80578948883645,O+,1
23,3479,3,20.30252111268046,85.828027902895,B-,1
55,2632,3,20.26731930611399,85.83621323439976,A-,1
39,5439,1,20.20177755451615,85.76740700028759,A+,1
51,8617,4,20.35672609902753,85.83394859526219,O+,1
20,4516,5,20.242951096438773,85.8589843482133,O+,1
34,6463,5,20.352244037672204,85.84334705578662,AB+,1
23,1343,1,20.275920079445104,85.77954496385766,A-,0
37,4537,4,20.20303369684498,85.70530703636378,O-,1
43,7310,4,20.250464908870825,85.70636993548595,B+,1
58,7388,5,20.241387019630878,85.77161148904457,A+,1
29,1318,3,20.318201744147654,85.7753789535688,B-,0
31,5787,2,20.357328561983007,85.87709560187432,AB-,1
58,2948,2,20.221884637427177,85.81874202347603,B-,0
49,210,3,20.33994828175036,85.81144784648578,A+,0
48,7418,1,20.31849263875408,85.81610638666012,AB+,1
48,1986,1,20.305197770561527,85.88162649841217,AB-,1
51,6657,2,20.239361033868615,85.78462895004263,AB-,1
26,8501,3,20.350215400565585,85.83005980532089,O-,1
60,8548,5,20.20629859885893,85.78109790618771,A+,0
49,5616,3,20.365977965900207,85.73546670238572,A+,1
20,6263,3,20.257198725363928,85.77240330664618,O+,1
35,1168,5,20.207089707027492,85.75903663627567,B+,0
53,2794,1,20.315668895258383,85.80733208293768,AB+,1
28,7906,1,20.332712388952363,85.71445968077823,A-,1
58,5467,4,20.273110281307968,85.79750517385655,A+,1
60,1193,2,20.202031508509283,85.76328015581966,O-,0
49,6276,3,20.238692486840982,85.77639475315864,AB-,1
44,988,1,20.363158155293984,85.70895307701778,O-,0
58,7262,4,20.31057881657568,85.71198992916584,O+,1
41,7911,3,20.30288762030541,85.82707994198803,AB+,1
46,376,5,20.229029663836144,85.82094157336572,A-,0
53,4722,5,20.233017303462475,85.71107361958802,B-,1
20,3153,3,20.336406014526418,85.787356611359,A+,1
55,8129,1,20.24603459621863,85.76471303421621,B+,1
20,7424,2,20.379765889565352,85.76452621318923,O+,1
54,2129,2,20.370318622521882,85.75621216356966,A+,0
57,4241,2,20.299952021005247,85.85226165060071,AB+,1
26,7955,3,20.34435972914522,85.78983384415132,B-,1
21,1685,2,20.378416542329443,85.76716388648889,O-,0
38,2296,4,20.320916290595456,85.76785598920102,O+,1
48,6019,2,20.24010654399951,85.81529884301256,AB+,1
20,4971,3,20.305282700119268,85.85181792892679,B+,1
38,4311,4,20.347729052160688,85.86330842967253,AB-,1
46,569,5,20.374774609504282,85.82379417137011,O+,0
43,2158,3,20.217100881510348,85.85100772708086,A+,1
18,6530,2,20.35009691288786,85.740868033774,O+,1
19,7771,5,20.36031377935445,85.7188673887051,A+,1
56,4,1,20.216358244484834,85.8078650761887,B+,1
20,4730,5,20.22842631281295,85.79848695867423,AB-,1
44,1610,1,20.242021360385824,85.88921228234646,AB+,0
27,8454,2,20.264454133826117,85.84236909227572,A-,1
20,7602,3,20.343196203049185,85.8114744757396,B+,1
18,14,1,20.30367857758178,85.76692787608829,AB+,1
37,476,5,20.25927594161779,85.7374074507085,AB+,0
59,1890,2,20.330641446959273,85.86000977439437,B+,1
43,5193,1,20.26732406646261,85.88828083711472,O+,1
42,3384,1,20.340043506796246,85.8605542192306,B-,1
57,4225,2,20.327164361354175,85.7856543127156,B+,0
23,6806,4,20.336747394001826,85.88852050185585,A+,1
27,4049,5,20.271526991226995,85.85880213313621,AB-,1
50,5828,4,20.339650119965473,85.79136477932904,O-,1
38,5236,3,20.330546857702007,85.7236515694811,AB-,1
31,3453,5,20.34803232502945,85.81080867761744,B-,1
43,643,4,20.230842704769984,85.85613421355053,O-,1
59,7993,2,20.332995696729338,85.88524822036368,B-,0
20,8270,4,20.3345696693273,85.70242639114365,AB+,1
59,6044,4,20.247026140133762,85.87545707651638,AB-,1
53,8741,3,20.209855037076878,85.72130191120503,B+,1
42,8311,5,20.212950794712736,85.80578007671066,AB-,1
34,7333,1,20.268105103821092,85.79695920814295,B-,1
23,1307,5,20.383359428171477,85.8595797255328,O-,0
37,1151,2,20.204329828943454,85.74644397423197,AB+,1
35,3562,4,20.335018740760024,85.76374851784513,B+,1
55,6994,3,20.39735029698283,85.75679602078522,B+,1
50,5634,3,20.286142597477998,85.89365257867942,B-,1
54,4928,4,20.38982778561417,85.751142043326,A-,1
27,266,2,20.282480438345235,85.75508190650415,B-,0
26,1831,1,20.336014789463093,85.81063220820928,B-,0
26,2818,3,20.399704433363198,85.79974692041023,AB+,1
50,121,3,20.351157273434982,85.88226685580975,O+,0
29,4251,1,20.372052882143254,85.88093793218434,A-,1
38,844,5,20.247133802400285,85.88976364982742,O+,1
29,300,5,20.237384029756495,85.87273723285078,B-,1
42,2105,4,20.21065317720683,85.71826473193866,A-,0
41,7607,3,20.308039427913446,85.80282279772342,O-,1
24,3415,5,20.362018234889362,85.83327736597178,AB+,1
25,5733,1,20.371897738615306,85.83025091431776,O-,1
35,6082,3,20.380803630534253,85.76372561572016,A+,1
41,3314,3,20.268029985351355,85.75115069327978,O+,1
43,4598,4,20.25593429209785,85.79765956780479,O+,1
58,6270,3,20.225334569885828,85.72476695781386,AB+,1
56,1659,1,20.355992164615415,85.8595229746296,A+,0
22,7916,1,20.341927724502156,85.77599446267224,O+,1
34,5098,4,20.268784909396057,85.73375788281254,O-,1
49,7955,3,20.21097272291666,85.83819437126684,B-,1
26,8370,2,20.206801538995272,85.77843598640634,AB+,1
48,15,2,20.354168082725234,85.72769124174664,O+,0
25,1993,5,20.26283499833904,85.77036730886901,O+,1
48,5807,3,20.20044922715821,85.89922623759068,A+,1
21,7250,5,20.215907869455407,85.78057034434246,A+,1
47,5874,1,20.260407803675736,85.80350025728033,A-,1
41,1701,3,20.244112649339414,85.7881019528876,A+,0
46,2499,3,20.347807257797875,85.74743113306477,O-,1
40,4431,3,20.23002859699939,85.77439755016626,O+,1
53,3297,1,20.308586133120045,85.82714255901794,B-,1
53,5617,4,20.269133679391217,85.8612023690823,AB+,1
52,6037,3,20.29987260873518,85.83345071936193,AB+,1
37,6965,4,20.23673795949315,85.74964445996251,B+,1
43,2452,2,20.230821981977545,85.80992615553487,B+,1
41,7057,1,20.326183240501386,85.77855101348379,A+,1
46,2091,3,20.368742054820594,85.81070946826368,AB+,1
33,2658,3,20.25640941673715,85.76056717123248,AB-,1
32,4397,5,20.272916375987602,85.8495407055403,A+,1
22,3890,2,20.363792973567953,85.82759152168543,A+,1
47,4678,1,20.347268749323018,85.74509412092107,AB-,1
33,6292,1,20.267637422012204,85.77070674730813,B-,1
31,1147,2,20.282666993293052,85.82640795509037,AB-,1
29,4125,4,20.301262120332872,85.88551364921315,O-,1
28,8614,5,20.285849093762096,85.84877712301902,B+,1
48,8065,2,20.37234410858325,85.77713690363174,B-,1
43,6827,1,20.397289447077572,85.72986929367944,B+,1
35,6932,4,20.361194542889244,85.71164960562595,A-,1
27,6152,3,20.235325822437822,85.86625416010725,O+,1
52,3165,2,20.233397181930528,85.82855655392531,B-,1
32,4977,2,20.241314502401607,85.81192176124816,O-,1
44,3727,3,20.373071336108293,85.82711969087448,AB-,1
47,5288,5,20.381201105323914,85.7818233731019,B-,1
47,6888,4,20.38737749492076,85.78539128147604,A+,1
31,3570,2,20.306458980594215,85.87552328426496,AB-,1
53,3591,3,20.33768063819989,85.71318015206556,AB+,1
59,3604,1,20.245181911819508,85.71423862352776,AB-,0
24,5665,3,20.260474386720528,85.73281606210725,A-,1
35,6625,3,20.31423912151922,85.74130893827562,O+,1
41,2930,3,20.237774125672363,85.77419428278883,B+,1
58,1576,5,20.285660880723952,85.7671205559221,AB+,0
25,5652,2,20.22459369853862,85.7553578155206,B+,1
55,5702,3,20.29575179047715,85.87312054555916,O-,1
59,824,3,20.219079255807646,85.73777878321857,O+,1
23,4472,4,20.337825449755776,85.72741790065896,O-,1
29,2274,5,20.340748938561678,85.80416247029702,A-,1
33,6182,5,20.290764945947913,85.76534023996324,AB-,1
19,7089,3,20.3188990679075,85.73953981615644,AB+,1
58,8382,4,20.25145878969622,85.80518432275065,A+,0
45,2053,4,20.27428492841556,85.84152469181858,AB+,0
47,8079,5,20.39501897482677,85.78633498787421,O-,1
25,2515,4,20.36767915606866,85.78525773793264,O+,1
33,3418,4,20.28261957564777,85.70465706410334,AB+,1
30,3162,2,20.28403821090374,85.72215650209496,A-,1
53,8015,5,20.33497038041187,85.84069860439438,O-,1
56,3634,1,20.261318488863367,85.84691811012193,A-,0
32,656,1,20.25376282975507,85.84822459518071,AB-,1
49,5563,5,20.237013288163332,85.87564593966682,O-,1
24,7567,4,20.39915917311986,85.78974550544314,B+,1
22,4870,4,20.397535544782766,85.76323864892673,A+,1
46,7650,5,20.302820029305952,85.74584943881199,A+,1
34,3946,2,20.347016318178998,85.81091733337155,A+,1
18,391,4,20.360236020033085,85.89822542105675,O-,0
28,4765,5,20.331050271858217,85.77003989378508,A-,1
52,2693,4,20.256772649230008,85.7473720240379,A-,1
27,346,3,20.329997059767877,85.78952271890968,A+,1
50,622,2,20.348823095682178,85.79857454546405,O-,0
60,8121,1,20.304222353395218,85.77289850012727,O+,0
56,6389,1,20.381087162692047,85.82768849044466,O+,1
27,8438,2,20.29922711953669,85.78999296720922,B+,1
57,5080,3,20.25263252492554,85.70144646190248,B-,0
51,5952,2,20.342964213797416,85.81915743996264,B+,1
59,3771,1,20.277534994138076,85.83784155840607,O-,0
25,3118,1,20.24261908713893,85.72090143189793,A+,1
57,8280,3,20.356589935549973,85.71221870003572,AB+,0
21,744,1,20.385912383315816,85.8354349060423,A+,0
31,7501,1,20.292660065081247,85.73866992286136,A-,1
48,3426,1,20.31448319360642,85.7547389872373,AB+,1
52,6074,5,20.380731552028838,85.81396603030906,B+,1
22,8464,1,20.34475790089561,85.87675720657522,AB+,1
44,820,3,20.272679166402703,85.76965063928913,B+,1
20,2399,2,20.27654826526263,85.81271708815653,AB+,1
47,7588,4,20.27489937764472,85.82544081105597,A+,1
30,7239,1,20.239615952898667,85.76530861465667,B+,1
41,8242,1,20.339279478560826,85.76652143651502,AB-,1
39,8211,2,20.32094532576307,85.8407532143751,AB-,1
30,4443,2,20.309989138214434,85.87643272297275,A-,1
23,2392,5,20.32550979163032,85.7688043177789,AB-,1
27,6673,5,20.252184712541737,85.74370887057326,A+,1
42,2795,2,20.268317130618943,85.80179952116252,O-,1
25,985,5,20.384667696914708,85.78791104896638,B-,0
34,6854,5,20.300012199825428,85.75171172040746,B-,1
35,4029,4,20.367184211907848,85.70281624851448,A-,1
38,1547,1,20.398848331347676,85.75893195142297,B-,0
36,4577,3,20.217600466075684,85.82747312323266,AB-,1
59,2726,4,20.314986261129715,85.78735547015943,A+,1
52,5907,3,20.21798456563625,85.72417773193574,O-,1
20,8601,1,20.27984116173867,85.7170866123027,O+,1
42,1420,1,20.346338090596237,85.81360003649593,O-,0
58,1304,2,20.309900814728973,85.84789159070348,B+,0
53,1578,1,20.28774914997499,85.70463459023159,A-,0
54,1835,2,20.31874885302894,85.7480075909668,O-,1
34,8432,1,20.214779558352596,85.77514711041275,AB+,1
54,6173,3,20.29232239638996,85.73395122309621,B+,1
27,4437,5,20.232123702296466,85.75728980187527,A-,1
29,4812,1,20.241554286598415,85.79660246287892,O+,1
52,4324,1,20.264495082130924,85.80368135040818,AB-,1
25,8246,4,20.22817643181214,85.87035240255504,A+,1
29,6690,5,20.383047749695635,85.87255714307737,O+,1
45,8748,3,20.26442887858638,85.80717125446178,AB-,1
23,8094,3,20.248688941550952,85.74910335106034,O-,1
51,5820,3,20.38930941403927,85.824275007118,B+,1
50,1678,1,20.33764278058859,85.7751235748263,O+,0
34,5089,5,20.238556724184956,85.70289286821773,A+,1
39,183,2,20.288656051095323,85.86516159543808,B+,0
37,3318,5,20.29514431429171,85.89706774949397,B+,1
30,7876,5,20.349255573839816,85.74761237488529,O+,1
22,4218,2,20.34282906446301,85.71538733816358,A+,1
21,4784,5,20.23902326803675,85.88063680479267,AB+,1
23,3227,5,20.225428074376122,85.74437226034478,B+,1
59,4043,3,20.365351965626914,85.89730048887267,O+,0
56,4618,1,20.20499507257592,85.73410212031148,B+,0
30,6509,5,20.21833734146185,85.81605741386596,A+,1
60,1822,3,20.241720068191487,85.7820270434547,B+,1
41,8743,2,20.26222723217061,85.73647904163404,B-,1
57,3481,3,20.38787495186672,85.80263340693043,A+,0
46,7992,2,20.3576109846477,85.87236988198553,O+,1
41,212,2,20.332369841630783,85.71350467228334,AB+,1
37,5513,3,20.216184313128753,85.77334487557815,A+,1
60,5859,2,20.253442586595476,85.79666212667925,O-,1
25,1720,3,20.398361188073718,85.82161510958969,AB-,1
57,1770,2,20.274428449815595,85.7890465988193,O-,1
40,8131,2,20.393824009470936,85.89699122569338,A+,1
51,5995,5,20.291788123001098,85.89538542115572,A+,1
59,2055,1,20.236184227183983,85.83082709618755,B+,0
22,6777,1,20.26553420271069,85.7502127305682,B+,1
33,5790,2,20.24011961382973,85.7784448016585,AB+,1
32,7599,5,20.265001980408513,85.82899046390698,O-,1
31,5943,5,20.37861374569131,85.88075285067558,B+,1
51,7891,1,20.26585143537432,85.7449295340258,O-,1
44,981,2,20.305791070000335,85.87932285084969,B+,1
27,2435,4,20.39839263894836,85.72066703624171,B-,1
42,3814,4,20.35626034429703,85.70604644948801,AB+,1
42,76,4,20.249537834834534,85.87070045068658,B+,0
58,2135,4,20.392702245857,85.77891514118261,A+,1
29,6695,2,20.2701027083345,85.86951502861906,A-,1
54,4788,5,20.302305770507783,85.76461962174888,AB-,1
21,4231,4,20.30309991228189,85.8181477416894,B-,1
34,6040,5,20.38886121122209,85.73663044720264,AB+,1
51,2982,4,20.27857725681907,85.87378173649786,B-,1
53,1304,1,20.25201464354577,85.86311529013811,B+,1
23,8385,5,20.315411227142867,85.7648919712727,O+,1
20,8760,4,20.227605733024518,85.8409115018395,O-,1
39,8756,5,20.301728711064836,85.88679520938652,A-,1
41,2632,5,20.24341474015437,85.84365214859953,AB+,1
37,3944,2,20.266501474620345,85.87491057892336,AB+,1
51,5740,5,20.383044696258445,85.7769402213982,B+,1
60,4510,5,20.369732566003947,85.82179359205891,AB-,0
27,5028,1,20.24832363667625,85.7301553531957,A-,1
20,1465,3,20.34648921683828,85.77002044969267,A-,1
53,6876,5,20.34192086793675,85.89478634540454,A-,1
36,2587,2,20.37370003784522,85.83558854878815,A+,1
23,7047,3,20.348447645051326,85.70774259654371,O-,1
38,3278,5,20.34354096661069,85.77089591060111,O+,1
53,7213,2,20.342598283376017,85.76795595228148,A+,1
44,6096,3,20.38414196085776,85.89179053181175,AB-,1
26,6609,2,20.355569952873015,85.71790089031053,AB+,1
43,4913,2,20.212128199271465,85.74712437744034,B-,1
42,5545,1,20.26396654019355,85.70187454779209,B-,1
24,4570,1,20.247989038148305,85.8709053485654,A+,1
21,6744,5,20.271708995034263,85.79109390152462,B-,1
54,4191,2,20.265235928559687,85.72930531290135,A+,1
30,78,5,20.32147101096548,85.78547044628567,AB+,0
56,240,2,20.211605753388714,85.72070150236516,A-,1
28,4780,4,20.340728629164754,85.75901995345824,B-,1
41,906,3,20.27787169187893,85.85448058802349,A+,0
24,8194,2,20.351376825703607,85.73953229245033,A+,1
28,3257,5,20.316930218662044,85.86436439574074,AB+,1
37,7910,2,20.338390924023887,85.83865811911404,A-,1
45,390,1,20.375745656252924,85.89490718931272,O-,0
50,4985,4,20.206721555326613,85.85602387105756,B+,1
35,6508,3,20.2238335747595,85.8405686639653,B+,1
26,4601,2,20.206591294429305,85.86113220656966,AB+,1
45,1479,2,20.204901298322508,85.79990130507838,A-,0
34,2131,1,20.3709614403716,85.87587624429824,A+,0
32,5640,3,20.31010541501012,85.78440687244478,AB+,1
44,7164,4,20.315568083188726,85.81239060181673,B+,1
59,4121,2,20.30116191339226,85.83721633677885,AB+,1
21,2662,1,20.38979419598816,85.81477543073858,B-,1
42,4247,3,20.282426255035908,85.84978368675368,AB+,1
42,1411,1,20.260947695662107,85.76830726212089,AB-,0
28,114,4,20.283245917252703,85.79948354377412,AB+,1
28,3371,3,20.22271175301461,85.85210177722604,AB-,1
50,6326,5,20.253772617621216,85.83730161860969,A+,1
49,7786,2,20.29430557151932,85.87347330388405,AB-,1
59,7689,5,20.235026551250684,85.84567406554302,A-,1
29,7183,4,20.343435196387254,85.70238455596457,B+,1
41,6129,4,20.307326179078938,85.89167397123977,O-,1
57,7677,4,20.38617266559982,85.8819879735473,O-,0
41,4010,2,20.365314820135847,85.78411919869542,O-,1
23,4439,5,20.203597718805177,85.80770926461206,B-,1
53,7675,2,20.30347981860309,85.71623990662303,A-,1
33,6284,1,20.320366265567166,85.77389459051136,AB-,1
60,157,3,20.349776180908243,85.86301589811605,A+,1
22,6553,1,20.282806308517745,85.78308421772405,B-,1
41,6733,5,20.25315385641487,85.71345255191939,A+,1
22,3782,3,20.312844220624584,85.84352131650193,AB-,1
28,5705,3,20.225660012205566,85.79690060570685,AB+,1
29,4494,2,20.24308621490762,85.77599017533441,O-,1
42,3568,1,20.308736883209143,85.88696765395153,A+,1
38,2663,3,20.301010394440116,85.722247694652,B+,1
38,4483,4,20.287509457254515,85.72307848569915,AB-,1
50,7115,2,20.367452620625475,85.78358658909666,AB-,1
20,6696,1,20.29674681357424,85.77735665578312,AB-,1
39,2573,5,20.286480752305085,85.79566337440589,B-,1
44,392,2,20.37891269644024,85.87319841611101,A+,0
24,6872,5,20.329258171135347,85.86195795335958,B+,1
50,7385,4,20.332695328286047,85.74647278441992,AB+,1
37,1833,2,20.29104940992117,85.72705299105466,A+,1
60,247,1,20.3825257175876,85.82210175386496,B+,0
45,7859,1,20.201862197975526,85.79138086116016,B-,1
58,7485,5,20.3919245821993,85.79293905879759,O-,0
39,2964,5,20.298731078152514,85.79327514650076,A-,1
31,604,3,20.37802631413586,85.78394579710066,A+,1
38,7494,5,20.365940768376866,85.78979644449166,AB-,1
21,2967,1,20.376897944324337,85.74998024653567,A+,1
53,2293,1,20.31335845701104,85.71464374560769,AB-,1
37,6806,1,20.358826419175607,85.78668575237089,AB-,1
43,4406,3,20.341535932452196,85.73671255672262,B-,1
21,6847,3,20.356553211924787,85.74846291007904,AB-,1
29,1398,4,20.305426782738742,85.77413277248566,B-,0
49,7940,1,20.387983423331306,85.7616502680831,A-,1
52,6168,1,20.261388140536592,85.83611972151955,O+,1
20,717,1,20.311581999718104,85.81156845962249,AB+,0
28,2804,5,20.22884466762883,85.80259259282971,B+,1
43,5015,5,20.329347731019368,85.7254375610016,B+,1
29,1655,5,20.32057740833657,85.7401031612177,B-,0
21,2395,3,20.359437943622154,85.8029199046047,AB+,1
38,1493,3,20.392601276302358,85.71478519228049,O-,1
51,1806,2,20.201437795429147,85.82016786216118,AB-,1
34,3648,3,20.34873966174303,85.72546140688087,B-,1
44,6862,2,20.370882886700194,85.8760306081947,O+,1
24,579,3,20.242777728561304,85.77762319963422,B+,0
22,4913,3,20.24303991655177,85.78105948947443,A-,1
39,2671,1,20.220914291710383,85.88338079240076,O-,1
30,7152,1,20.31002510491705,85.74715411276274,AB+,1
54,7153,1,20.214356095478628,85.74099793041422,O-,1
23,6181,3,20.221021646132524,85.89485323633801,A+,1
47,1509,1,20.24631468409663,85.80792204217968,A+,0
25,8204,3,20.253978974849105,85.88489420601613,AB+,1
25,5531,1,20.23903554390393,85.88770792808198,O+,1
27,772,2,20.36291140550281,85.86114198065978,AB-,1
35,1812,2,20.379047886199597,85.85333762734673,A+,1
45,885,4,20.398932079920144,85.81341440937868,AB-,0
60,8431,1,20.389776820840492,85.86574271791646,A-,0
53,2893,1,20.303226940902213,85.76673951073643,A-,1
36,1324,3,20.23473194924542,85.85542979883462,O+,0
55,7375,2,20.364195803872402,85.72076712172617,AB+,1
22,8623,1,20.314743781249614,85.79471816819918,B+,1
48,2546,1,20.373578982416007,85.74369616811187,O+,1
46,5538,1,20.21724721574179,85.78332116149234,B+,1
59,2629,5,20.29394598357738,85.81200156810657,B+,0
51,6206,2,20.252038427811303,85.77536639127302,A+,1
27,8332,3,20.208786469550738,85.82449217748349,O-,1
45,4547,1,20.297422087562342,85.82873413505223,B+,1
21,2438,3,20.323188569901323,85.87342537984894,B-,1
18,2154,3,20.338253453912838,85.83251075647271,A-,0
54,5261,1,20.378742668120285,85.73755551132851,O-,1
33,7016,3,20.35016088628156,85.73901154405029,B-,1
53,8635,1,20.30911638831117,85.86320810663321,AB+,1
37,1705,5,20.289460519848213,85.8390367042438,AB-,1
59,2177,2,20.299998271215895,85.72687794706897,O-,1
55,4825,4,20.342469092922077,85.87236778744747,AB-,1
57,46,4,20.34285741613117,85.71493430483497,A-,1
30,7481,2,20.38303005566593,85.7438506998888,A-,1
51,1916,1,20.231710265498165,85.71017173193339,AB+,1
21,4912,5,20.25446075533578,85.89400561590459,O-,1
42,2827,2,20.200404205104306,85.74765502447416,O+,1
47,3651,2,20.393638305185394,85.80959102810542,A-,1
29,559,5,20.311526794794016,85.73094762640365,A+,0
24,1924,3,20.339413861958626,85.82265122549168,O+,0
43,1620,3,20.357350799821706,85.76307066847647,O+,1
30,7236,4,20.201058014380553,85.78307217300038,AB+,1
35,3291,2,20.237755958239507,85.70214187183,AB-,1
49,5355,4,20.256091583615927,85.75134167909223,AB-,1
45,216,2,20.288250834258637,85.74830689695366,B+,1
23,5116,5,20.29911440542226,85.72256774582235,A-,1
23,7615,1,20.209622392383036,85.85686179479971,AB-,1
45,7147,3,20.3944139120414,85.87457635106645,AB+,1
31,621,1,20.29471766516879,85.8420310047388,B+,0
42,602,4,20.320226275292104,85.79431927997219,O-,1
55,8101,4,20.308446297767688,85.86569028307855,A-,1
39,8475,4,20.302741334906017,85.88840643077971,O+,1
35,3840,1,20.20950205232957,85.7689866596124,AB-,1
49,2571,3,20.28169342629399,85.7469651978811,AB-,1
32,3492,3,20.259059437404783,85.71166832759876,O-,1
55,7668,5,20.292330286551366,85.77676343559725,O+,1
26,7951,3,20.362684808263545,85.714691036007,B+,1
44,4749,3,20.20339909288259,85.75985381302708,A-,1
23,7346,4,20.200146430398064,85.73004046832015,B-,1
42,2739,3,20.371507635559883,85.778780023723,B-,1
45,1432,1,20.2556094811526,85.78433447836201,A+,0
51,5814,3,20.325558464061267,85.71406877071348,B-,1
29,5190,1,20.253239927390567,85.74914259023647,A+,1
36,7488,4,20.21395271470036,85.70050667797186,A-,1
45,4417,2,20.265289084275025,85.73709585615653,B-,1
38,1655,2,20.259151081461695,85.72907412630825,A+,1
37,964,5,20.319423482614376,85.87061728753227,AB-,1
34,1720,5,20.322385089561923,85.87272943141929,O+,0
21,6229,3,20.257229333782835,85.7098016452696,AB+,1
40,3029,5,20.382090317580822,85.82181491954879,A-,1
31,7556,4,20.39466202034061,85.79365158841158,B-,1
59,8223,5,20.272115646188848,85.72818606034566,AB-,0
29,648,3,20.385356026438004,85.79806443536688,O+,0
54,6157,2,20.250847885704754,85.71906841508344,B-,1
30,7876,5,20.3485521753369,85.85252770306181,O+,1
58,1800,2,20.26485153872318,85.70163304295235,B+,0
54,700,1,20.270346338150908,85.83303264343911,B-,0
45,7707,3,20.323417915597773,85.75180224947911,O+,1
45,3659,3,20.302841780640858,85.71270071354452,B+,1
19,8704,3,20.32703925420288,85.83640318943806,O-,1
55,3046,5,20.210012544413335,85.79725234157871,A-,1
46,1636,4,20.205000919330015,85.75045079682624,B-,1
38,1746,2,20.368033125253433,85.8062673203187,A-,1
21,5740,1,20.34143898913423,85.89111802712434,A+,1
20,3184,2,20.31158930152697,85.7843099442966,A+,1
51,1656,2,20.328795287245075,85.83791396409022,B+,0
43,7779,5,20.33405888844779,85.76460076658783,O-,1
56,7311,3,20.216730408228894,85.84152906458434,B-,1
39,4328,2,20.22951067933837,85.86784115707489,AB-,1
27,620,3,20.208830607032965,85.71648364036233,B-,0
27,6350,1,20.365120743345813,85.84221742851746,O+,1
20,2622,4,20.301894427208886,85.77732742465372,AB-,1
51,6178,3,20.358327242092624,85.76199729579788,B-,1
23,5489,4,20.360284203343053,85.85878138646204,A+,1
21,8166,5,20.238591046528594,85.89722460340649,AB-,1
31,7685,1,20.37948436776326,85.87154693337936,B+,1
19,2306,3,20.27598353524833,85.73383495779737,O+,1
28,7662,5,20.21640750134957,85.77850544267659,AB-,1
22,912,5,20.313435336633088,85.75831149802073,AB-,0
52,5932,1,20.24571203874467,85.80428265312399,B+,1
28,7222,4,20.214114550170592,85.70195784585674,B-,1
59,1745,2,20.354529796642346,85.8685644701945,B+,0
25,685,4,20.26483587369342,85.73029591373644,B+,0
26,4186,4,20.315945300025415,85.79688376828165,B+,1
27,8496,5,20.31036829749086,85.72555273280196,O+,1
42,8489,2,20.227715084310375,85.76594569364926,AB+,1
50,5530,3,20.27290017165981,85.73818683039094,A-,1
45,3683,2,20.352624095242355,85.77557685064833,B-,1
44,4404,4,20.382637855963253,85.84116815706554,AB-,1
21,4071,4,20.244351333809337,85.72680495975601,O-,1
51,1319,1,20.364049508866984,85.87973860190343,O-,0
60,5356,2,20.348536132931283,85.76606843956415,A-,0
38,2688,3,20.365786765275303,85.85390534077499,AB-,1
56,1433,2,20.304113090477383,85.74974436978555,O+,0
23,821,3,20.39689269059185,85.83342077812141,AB-,0
54,1342,1,20.325231879246854,85.81085885258328,O+,0
30,7169,4,20.321959006787456,85.73705205164853,B+,1
22,2392,4,20.24448540020789,85.87419766645856,O+,1
36,6351,4,20.275267534070405,85.83555575883696,O+,1
26,6108,5,20.331374431813632,85.78076127936839,A+,1
58,5362,4,20.350997613560054,85.85533077248483,A-,0
60,4559,3,20.215175276213692,85.73525090405614,O+,1
43,594,4,20.27134557351832,85.89215077625684,O-,1
54,2467,2,20.334359610293493,85.77071194714433,B+,1
21,7693,3,20.230510831588635,85.75506930294176,A+,1
54,960,3,20.222740629261093,85.8609904095427,AB+,0
55,1762,5,20.205608060253805,85.82147996812652,A+,1
27,8612,3,20.249986527063975,85.89252378874653,AB+,1
43,4536,2,20.335297655835536,85.87830369360375,AB-,1
51,5741,3,20.32006897256625,85.74233426947478,AB-,1
26,3282,2,20.22085915445047,85.84916026228858,B+,1
36,4443,1,20.344133312754575,85.89121546330462,B-,1
40,7051,4,20.371795822903312,85.7265243188755,B+,1
18,6460,5,20.313367448257498,85.8065432884249,O+,1
46,8591,4,20.360105893025278,85.73735706409647,O-,1
44,4919,1,20.298997118101205,85.71374124302622,AB+,1
27,5186,2,20.294059032108187,85.70593003115182,O+,1
53,1750,1,20.21112594858303,85.72599513614188,A-,0
34,4893,1,20.251946000311783,85.78978994241861,A-,1
48,4242,2,20.333416704830363,85.77918441257144,O-,1
35,4616,3,20.207163489548616,85.77439814714694,B-,1
48,3667,3,20.249751898539596,85.79957726458323,AB+,1
55,8124,5,20.3715896407544,85.84883068512167,A+,1
46,8279,4,20.2297495093811,85.70999473332577,B+,1
50,7292,3,20.22185197865649,85.86173393633246,AB-,1
25,6190,1,20.363410594004943,85.7387074497788,AB-,1
25,1515,1,20.281544815698364,85.73352712680344,B-,1
28,5592,4,20.31096174172683,85.81466961264,AB+,1
48,2842,1,20.294503018206992,85.84866153841268,A-,1
27,1867,2,20.205590473182443,85.8022592840184,B-,0
44,1572,2,20.375576187088498,85.83610389918073,B+,1
51,2964,2,20.343946507680013,85.88166903038409,O+,1
42,3296,5,20.20190639089709,85.73822503118383,O+,1
54,3924,5,20.224175320191524,85.7808071042352,B-,1
25,7719,1,20.25972272722077,85.72649277639255,O+,1
55,5539,3,20.31644981128711,85.81297180414052,O+,1
52,7716,3,20.300023271634608,85.83900238854575,A-,1
20,3224,1,20.394725605875916,85.86016747861589,O-,1
23,8240,4,20.24009098582402,85.84566078043504,O-,1
